Workbook

Sheet Sheet1
A1: S.No | B1: Name | C1: Phone-No | D1: Salary
A2: 1 | B2: A | C2: 9876543210 | D2: 1000
A3: 12 | B3: B | C3: 9876543211 | D3: 2000
A4: 14 | B4: C | C4: 9876543212 | D4: 4000
A5: 2 | B5: D | C5: 9876543213 | D5: 6000
A6: 3 | B6: E | C6: 9876543214 | D6: 8000
A7: 4 | B7: F | C7: 9876543215 | D7: 10000
A8: 7 | B8: G | C8: 9876543216 | D8: 12000
A9: 8 | B9: H | C9: 9876543217 | D9: 14000
A10: 9 | B10: I | C10: 9876543218 | D10: 16000
A11: 10 | B11: J | C11: 9876543219 | D11: 18000

Sheet vlookup-index-match
A1: S.NO | B1: Salary | C1: phone | F1: Match-phone | G1: match-salary | H1: index
A2: 1 | B2: =_xlfn.IFNA(VLOOKUP(A2,Sheet1!A:D,4,0),"no-Data") -> 1000 | C2: =_xlfn.IFNA(VLOOKUP(A2,Sheet1!A2:D11,3,0),"No-data") -> 9876543210 | E2: 9876543210 | F2: =MATCH(E2,Sheet1!C:C,0) -> 2 | G2: =MATCH(Sheet1!D2,Sheet1!D:D,0) -> 2 | H2: {=INDEX('vlookup-index-match'!E:E,'vlookup-index-match'!F2)} -> 9876543210
A3: 14 | B3: =_xlfn.IFNA(VLOOKUP(A3,Sheet1!A:D,4,0),"no-Data") -> 4000 | C3: =_xlfn.IFNA(VLOOKUP(A3,Sheet1!A3:D12,3,0),"No-data") -> 9876543212 | E3: 9876543211 | F3: =MATCH(E3,Sheet1!C:C,0) -> 3 | G3: =MATCH(Sheet1!D3,Sheet1!D:D,0) -> 3 | H3: {=INDEX('vlookup-index-match'!E:E,'vlookup-index-match'!F3)} -> 9876543211
A4: 13 | B4: =_xlfn.IFNA(VLOOKUP(A4,Sheet1!A:D,4,0),"no-Data") -> no-Data | C4: =_xlfn.IFNA(VLOOKUP(A4,Sheet1!A4:D13,3,0),"No-data") -> No-data | E4: 9876543212 | F4: =MATCH(E4,Sheet1!C:C,0) -> 4 | G4: =MATCH(Sheet1!D4,Sheet1!D:D,0) -> 4 | H4: {=INDEX('vlookup-index-match'!E:E,'vlookup-index-match'!F4)} -> 9876543212
A5: 10 | B5: =_xlfn.IFNA(VLOOKUP(A5,Sheet1!A:D,4,0),"no-Data") -> 18000 | C5: =_xlfn.IFNA(VLOOKUP(A5,Sheet1!A5:D14,3,0),"No-data") -> 9876543219 | E5: 9876543213 | F5: =MATCH(E5,Sheet1!C:C,0) -> 5 | G5: =MATCH(Sheet1!D5,Sheet1!D:D,0) -> 5 | H5: {=INDEX('vlookup-index-match'!E:E,'vlookup-index-match'!F5)} -> 9876543213
A6: 8 | B6: =_xlfn.IFNA(VLOOKUP(A6,Sheet1!A:D,4,0),"no-Data") -> 14000 | C6: =_xlfn.IFNA(VLOOKUP(A6,Sheet1!A6:D15,3,0),"No-data") -> 9876543217 | E6: 9876543214 | F6: =MATCH(E6,Sheet1!C:C,0) -> 6 | G6: =MATCH(Sheet1!D6,Sheet1!D:D,0) -> 6 | H6: {=INDEX('vlookup-index-match'!E:E,'vlookup-index-match'!F6)} -> 9876543214
A7: 9 | B7: =_xlfn.IFNA(VLOOKUP(A7,Sheet1!A:D,4,0),"no-Data") -> 16000 | C7: =_xlfn.IFNA(VLOOKUP(A7,Sheet1!A7:D16,3,0),"No-data") -> 9876543218 | E7: 9876543215 | F7: =MATCH(E7,Sheet1!C:C,0) -> 7 | G7: =MATCH(Sheet1!D7,Sheet1!D:D,0) -> 7 | H7: {=INDEX('vlookup-index-match'!E:E,'vlookup-index-match'!F7)} -> 9876543215
A8: 3 | B8: =_xlfn.IFNA(VLOOKUP(A8,Sheet1!A:D,4,0),"no-Data") -> 8000 | C8: =_xlfn.IFNA(VLOOKUP(A8,Sheet1!A:D,3,FALSE),"no-data") -> 9876543214
A9: 4 | B9: =_xlfn.IFNA(VLOOKUP(A9,Sheet1!A:D,4,0),"no-Data") -> 10000 | C9: =VLOOKUP(A9,Sheet1!A:D,3,FALSE) -> 9876543215
A10: 7 | B10: =_xlfn.IFNA(VLOOKUP(A10,Sheet1!A:D,4,0),"no-Data") -> 12000 | C10: =VLOOKUP(A10,Sheet1!A:D,3,FALSE) -> 9876543216
F13: Vlookup

Sheet Sheet3
A1: D-NO | B1: Cust-No | C1: Dev-DATE | D1: Price | E1: Person | G1: Cust-No | H1: Person
A2: D1 | B2: CUST001 | C2: 13-02-2025 | D2: 1000 | E2: A | G2: CUST001 | H2: A | I2: =INDEX(H:H,MATCH(B2,G:G,0)) -> A
A3: D2 | B3: CUST002 | C3: 14-02-2026 | D3: 2000 | E3: B | G3: CUST002 | H3: B | I3: =INDEX(H:H,MATCH(B3,G:G,0)) -> B
A4: D3 | B4: CUST003 | C4: 15-02-2027 | D4: 3000 | E4: C | G4: CUST003 | H4: C | I4: =INDEX(H:H,MATCH(B4,G:G,0)) -> C
A5: D4 | B5: CUST004 | C5: 16-02-2028 | D5: 4000 | E5: D | G5: CUST004 | H5: D | I5: =INDEX(H:H,MATCH(B5,G:G,0)) -> D
A6: D5 | B6: CUST005 | C6: 17-02-2029 | D6: 5000 | E6: A | G6: CUST005 | H6: E | I6: =INDEX(H:H,MATCH(B6,G:G,0)) -> E
A7: D6 | B7: CUST006 | C7: 18-02-2030 | D7: 6000 | E7: B
A8: D7 | B8: CUST007 | C8: 19-02-2031 | D8: 7000 | E8: E
A9: D8 | B9: CUST008 | C9: 20-02-2032 | D9: 8000 | E9: D
A10: D9 | B10: CUST009 | C10: 21-02-2033 | D10: 9000 | E10: A
A11: D10 | B11: CUST010 | C11: 22-02-2034 | D11: 10000 | E11: E
G13: Match

Sheet Sheet4
A1: 1 | B1: 2 | C1: 3 | D1: 4 | E1: index- | F1: =INDEX(A1:D5,5,4) -> 56
A2: 4 | B2: 19 | C2: 20 | D2: 21 | E2: index of two array | F2: =INDEX((A1:D5,A8:D12),2,3,2) -> 2
A3: 10 | B3: 11 | C3: 11 | D3: 12 | E3: index of two array seprated by - | F3: =INDEX((A1:D5,A8:D12),2,3,2)&"-"&INDEX((A1:D5,A8:D12),2,3,1) -> 2-20
A4: 2 | B4: 4 | C4: 6 | D4: 8
A5: 8 | B5: 12 | C5: 19 | D5: 56
A8: 20 | B8: 76 | C8: 15 | D8: 21 | F8: Index
A9: 12 | B9: 4 | C9: 2 | D9: 1
A10: 4 | B10: 5 | C10: 7 | D10: 9
A11: 2 | B11: 6 | C11: 4 | D11: 12
A12: 13 | B12: 15 | C12: 17 | D12: 87
